#Artbox Board Games » CrowD Games, (4)From: $24.99 1 New$24.99Add to Cart,,,
Alice Cooper's HorrorBox: Base Game Board Games » Fitz Games, (0)Preorder Notes: Expected Release: October 20, 2021. Date subject to change.,From: $17.99   New$17.99Preorder,
Alice Cooper's HorrorBox: Expansion Board Games » Fitz Games, (0)Preorder Notes: Expected Release: October 20, 2021. Date subject to change.,From: $9.99   New$9.99Preorder,
Alice in Wordland Board Games » Drawlab Entertainment, (1)From: $29.99 3 New$29.99Add to Cart,,,
Anansi Board Games » Asmodee Editions, (2)From: $11.49 2 New$11.49Add to Cart,,,
Aye Dark Overlord: The Green Box Board Games » Asmodee Editions, (10)Out of Stock   Out of Stock     Restock Alert,,,
Bandida Board Games » Asmodee Editions, (0)Out of Stock   Out of Stock     Restock Alert,,,
Bandido Board Games » Asmodee Editions, (3)From: $10.99 3 New$10.99Add to Cart,,,
Bang!: High Noon with A Fistful of Cards Expansion Board Games » daVinci Games, (12)From: $12.99 1 New$12.99Add to Cart,,,
Bang!: The Dice Game Board Games » daVinci Games, (1146)Out of Stock   Out of Stock     Restock Alert,,,
Bang!: The Dice Game - Old Saloon Expansion Board Games » daVinci Games, (300)Out of Stock   Out of Stock     Restock Alert,,,
Bang!: The Dice Game - Undead or Alive Expansion Board Games » daVinci Games, (19)Out of Stock   Out of Stock     Restock Alert,,,
Borderlands: Tiny Tina's Robot Tea Party Board Games » XYZ Game Labs Inc, (2)Out of Stock   Out of Stock     Restock Alert,,,
Bravo! Board Games » Stronghold Games, (3)From: $18.99 2 New$18.99Add to Cart,,,
Break the Code Board Games » IELLO, (2)Out of Stock   Out of Stock     Restock Alert,,,
Brew Dice Board Games » FoxMind, (3)From: $10.99 1 New$10.99Add to Cart,,,
Bristol 1350 Board Games » Facade Games, (1)Out of Stock   Out of Stock     Restock Alert,,,
Bunco Board Games » Spin Master, (0)Preorder Notes: Expected Release: October 2021. Date subject to change.,From: $3.79   New$3.79Preorder,,
Cactus Board Games » Jordan Draper Games, (0)Estimated Release Date: 2021Preorder Notes: Expected Release: 2021. Date subject to change.,Out of Stock   Out of Stock     Restock Alert,,
Captain Marvel: Secret Skrulls   Board Games » USAopoly, (3)Out of Stock   Out of Stock     Restock Alert,,,
Cat & Co. Meow Meow Board Games » HABA, (2)Estimated Release Date: 2021Preorder Notes: Expected Release: 2021. Date subject to change.,From: $7.99   New$7.99Preorder,,
Charmed and Dangerous: Fairest in the Land Board Games » Th3rd World Studios, (0)From: $10.99 1 New$10.99Add to Cart,,,
Charmed and Dangerous: The Sisters Grimm Board Games » Th3rd World Studios, (0)Out of Stock   Out of Stock     Restock Alert,,,
Chow Crown Board Games » Hasbro, (0)From: $19.99 20+ New$19.99Add to Cart,,,
Cloud Control Board Games » 25th Century Games, (0)From: $17.99 5 New$17.99Add to Cart,,,
Codenames Board Games » Czech Games Edition, (1674)From: $14.49 6 New$14.49Add to Cart,,,
Codenames XXL Board Games » Czech Games Edition, (18)Out of Stock   Out of Stock     Restock Alert,,,
Codenames: Disney Family Edition   Board Games » USAopoly, (107)From: $17.99 1 New$17.99Add to Cart,,,
Codenames: Duet Board Games » Czech Games Edition, (284)Out of Stock   Out of Stock     Restock Alert,,,
Codenames: Duet XXL Board Games » Czech Games Edition, (5)Out of Stock   Out of Stock     Restock Alert,,,
Codenames: Harry Potter   Board Games » USAopoly, (41)Out of Stock   Out of Stock     Restock Alert,,,
Codenames: Marvel   Board Games » USAopoly, (76)Out of Stock   Out of Stock     Restock Alert,,,
Codenames: Pictures Board Games » Czech Games Edition, (560)Out of Stock   Out of Stock     Restock Alert,,,
Codenames: Pictures XXL Board Games » Czech Games Edition, (8)Out of Stock   Out of Stock     Restock Alert,,,
Codenames: The Simpsons   Board Games » USAopoly, (0)From: $17.99 5 New$17.99Add to Cart,,,
Concept Board Games » Asmodee Editions, (443)Out of Stock   Out of Stock     Restock Alert,,,
Coup Board Games » Indie Boards and Cards, (1060)Out of Stock   Out of Stock     Restock Alert,,,
Coyote Board Games » Asmodee Editions, (6)Out of Stock   Out of Stock     Restock Alert,,,
Crazy Eggz Board Games » Asmodee Editions, (2)From: $16.99 3 New$16.99Add to Cart,,,
Critter Cruise Board Games » HABA, (0)Out of Stock   Out of Stock     Restock Alert,,,
Crossed Words Board Games » Indie Boards and Cards, (3)Out of Stock   Out of Stock     Restock Alert,,,
CrossTalk Board Games » Nauvoo Games, (34)From: $24.99 12 New$24.99Add to Cart,,,
DC Spyfall Board Games » Cryptozoic Entertainment, (33)Out of Stock   Out of Stock     Restock Alert,,,
Deadly Dinner: Red Carpet into Demise Board Games » Pegasus Spiele, (0)Estimated Release Date: 2022 Q1Preorder Notes: Expected Release: Q1 2022. Date subject to change.,From: $26.49   New$26.49Preorder,,
Deadly Dinner: The Last Rose Board Games » Pegasus Spiele, (0)Estimated Release Date: 2022 Q1Preorder Notes: Expected Release: Q1 2022. Date subject to change.,From: $26.49   New$26.49Preorder,,
Deadpool vs The World   Board Games » USAopoly, (7)From: $17.99 11 New$17.99Add to Cart,,,
Death Wish Board Games » Zafty, (1)From: $17.99 6 New$17.99Add to Cart,,,
Death Wish Board Games » Deep Water Games, (0)Estimated Release Date: 2021 Q4Preorder Notes: Expected Release: Q4 2021. Date subject to change.,From: $18.99   New$18.99Preorder,,
Deception: Murder in Hong Kong Board Games » Grey Fox Games, (434)Out of Stock   Out of Stock     Restock Alert,,,
Deception: Undercover Allies Board Games » Grey Fox Games, (59)Out of Stock   Out of Stock     Restock Alert,,,
Deep Sea Adventure Board Games » Oink Games, (58)Out of Stock   Out of Stock     Restock Alert,,,
Detective Club   Board Games » Blue Orange Games, (23)Out of Stock   Out of Stock     Restock Alert,,,
Dexterity Jane Board Games » Sit Down!, (0)Estimated Release Date: 2021 Q4Preorder Notes: Expected Release: Q4 2021. Date subject to change.,From: $17.49   New$17.49Preorder,,
Diamonds: 2nd Edition Board Games » Stronghold Games, (17)Out of Stock   Out of Stock     Restock Alert,,,
Dice Flick Board Games » Pegasus Spiele, (0)Out of Stock   Out of Stock     Restock Alert,,,
Dice Throne Board Games » Roxley Games, (102)Out of Stock   Out of Stock     Restock Alert,,,
Dice Throne Season 1 Rerolled: Barbarian vs. Moon Elf Board Games » Roxley Games, (0)Out of Stock   Out of Stock     Restock Alert,,,
Dice Throne Season 1 Rerolled: Monk vs. Paladin Board Games » Roxley Games, (2)From: $17.99 2 New$17.99Add to Cart,,,
Dice Throne Season 1 Rerolled: Pyromancer vs. Shadow Thief Board Games » Roxley Games, (0)Out of Stock   Out of Stock     Restock Alert,,,
Dice Throne Season 1 Rerolled: Treant vs. Ninja Board Games » Roxley Games, (1)Out of Stock   Out of Stock     Restock Alert,,,
Dice Throne: Season 2 - Cursed Pirate vs. Artificer Board Games » Roxley Games, (19)Out of Stock   Out of Stock     Restock Alert,,,
Dice Throne: Season 2 - Gunslinger vs. Samurai Board Games » Roxley Games, (22)Out of Stock   Out of Stock     Restock Alert,,,
Dice Throne: Season 2 - Seraph vs. Vampire Lord Board Games » Roxley Games, (17)Out of Stock   Out of Stock     Restock Alert,,,
Dice Throne: Season 2 - Tactician vs. Huntress Board Games » Roxley Games, (24)Out of Stock   Out of Stock     Restock Alert,,,
Dinosaur Tea Party Board Games » Restoration Games, (42)Out of Stock   Out of Stock     Restock Alert,,,
Dixit (2021) Board Games » Asmodee Editions, (1)From: $31.99 5 New$31.99Add to Cart,,,
Dixit: 10th Anniversary Expansion Board Games » Asmodee Editions, (34)From: $25.49 4 New$25.49Add to Cart,,,
Dixit: Daydreams Expansion Board Games » Asmodee Editions, (245)From: $25.49 1 New$25.49Add to Cart,,,
Dixit: Harmonies Expansion Board Games » Asmodee Editions, (41)From: $25.49 4 New$25.49Add to Cart,,,
Dixit: Memories Expansion Board Games » Asmodee Editions, (176)From: $25.49 3 New$25.49Add to Cart,,,
Dixit: Mirrors  Board Games » Asmodee Editions, (8)From: $23.99 4 New$23.99Add to Cart,,,
Dixit: Origins Board Games » Asmodee Editions, (352)From: $25.49 4 New$25.49Add to Cart,,,
Dixit: Quest Board Games » Asmodee Editions, (289)From: $25.49 2 New$25.49Add to Cart,,,
Dixit: Revelations Expansion Board Games » Asmodee Editions, (89)From: $25.49 4 New$25.49Add to Cart,,,
DOCE Board Games » Smart Iguana Games, (10)From: $11.99 20+ NewWas $19.95 Sale $11.99Add to Cart,,,
Doppelganger   Board Games » WizKids Games, (2)Out of Stock   Out of Stock     Restock Alert,,,
Dream Crush Board Games » Mondo Games, (3)Out of Stock   Out of Stock     Restock Alert,,,
Dune: Betrayal Board Games » Gale Force Nine, (0)Estimated Release Date: November 2021Preorder Notes: Expected Release: November 2021. Date subject to change.,From: $18.99   New$18.99Preorder,,
Dungeon Date Board Games » Nerdy Pup Games, (0)Estimated Release Date: November 15, 2021Preorder Notes: Expected Release: November 15, 2021. Date subject to change.,From: $26.49   New$26.49Preorder
Dungeon Party Big Box Board Games » Forbidden Games, (0)Estimated Release Date: January 2022Preorder Notes: Expected Release: January 2022. Date subject to change.,From: $37.49   New$37.49Preorder,,
Dungeon Party Starter Pack Board Games » Forbidden Games, (0)Estimated Release Date: January 2022Preorder Notes: Expected Release: January 2022. Date subject to change.,From: $14.99   New$14.99Preorder,,
Dungeon Party: Dungeon of Doom Board Games » Forbidden Games, (0)Estimated Release Date: 2021 Q4Preorder Notes: Expected Release: Q4 2021. Date subject to change.,From: $14.99   New$14.99Preorder,,
Dungeon Party: Tunnels of Terror Board Games » Forbidden Games, (0)Estimated Release Date: 2021 Q4Preorder Notes: Expected Release: Q4 2021. Date subject to change.,From: $14.99   New$14.99Preorder,,
Dungeon Party: Underground of the Undead Board Games » Forbidden Games, (0)Estimated Release Date: 2021 Q4Preorder Notes: Expected Release: Q4 2021. Date subject to change.,From: $14.99   New$14.99Preorder,,
Escape Room: The Game Board Games » Spin Master, (0)Preorder Notes: Expected Release: October 2021. Date subject to change.,From: $22.49   New$22.49Preorder,,
Fafnir Board Games » Oink Games, (4)Out of Stock   Out of Stock     Restock Alert,,,
Fangs   Board Games » Thames & Kosmos, (0)From: $14.99 20+ New$14.99Add to Cart,,,
Feed the Kraken Board Games » Funtails, (0)Estimated Release Date: 2021 Q3Preorder Notes: Expected Release: Q3 2021. Date subject to change.,From: $42.99   New$42.99Preorder,,
Feed the Kraken: Deluxe Edition Board Games » Funtails, (0)Estimated Release Date: 2021 Q3Preorder Notes: Expected Release: Q3 2021. Date subject to change.,From: $71.99   New$71.99Preorder,,
First Contact Board Games » Cosmodrome Games, (13)Out of Stock   Out of Stock     Restock Alert,,,
Flip & Fish Board Games » Signature Board Games, (0)Estimated Release Date: December 30, 2021Preorder Notes: Expected Release: December 30, 2021. Date subject to change.,From: $22.46   New$22.46Preorder
Funky Chicken Board Games » North Star Games, (14)Out of Stock   Out of Stock     Restock Alert,,,
Galaxy Trucker: Second Edition Board Games » Czech Games Edition, (3)From: $21.99 11 New$21.99Add to Cart,,,
Game of Thrones: Oathbreaker Board Games » Renegade Game Studios, (4)Out of Stock   Out of Stock     Restock Alert,,,
Geek Out! The 80's Edition Board Games » PlayRoom Entertainment, (0)Out of Stock   Out of Stock     Restock Alert,,,
Goodcritters Board Games » Arcane Wonders, (26)Out of Stock   Out of Stock     Restock Alert,,,
Gorilla Marketing Board Games » Roxley Games, (4)Out of Stock   Out of Stock     Restock Alert,,,
Gravity Warfare Board Games » Smart Iguana Games, (7)From: $19.99 20+ NewMSRP $49.95 Sale $19.99Add to Cart,,,
Guardian's Call Board Games » Skybound Games, (3)Out of Stock   Out of Stock     Restock Alert,,,
Happy Salmon Board Games » North Star Games, (155)Out of Stock   Out of Stock     Restock Alert,,,
Happy Salmon: Blue Fish Board Games » North Star Games, (61)Out of Stock   Out of Stock     Restock Alert,,,
Hello Neighbor: Secret Neighbor Party Game Board Games » Arcane Wonders, (3)From: $14.49 1 New$14.49Add to Cart,,,
Herd Mentality Board Games » Big Potato Games, (0)Preorder Notes: Expected Release: October 2021. Date subject to change.,From: $14.99   New$14.99Preorder,,
Hey Yo Board Games » Oink Games, (0)From: $16.99 4 New$16.99Add to Cart,,,
Hidden Panda Board Games » Jellybean Games, (1)Out of Stock   Out of Stock     Restock Alert,,,
Hunger: The Show Board Games » Ares Games, (6)Out of Stock   Out of Stock     Restock Alert,,,
Illimat Board Games » Twogether Studios, (2)Out of Stock   Out of Stock     Restock Alert,,,
Illimat: The Crane Wife Expansion Board Games » Twogether Studios, (1)Estimated Release Date: 2021 Q1Preorder Notes: Expected Release: Q1 2021. Date subject to change.,From: $11.49   New$11.49Preorder,,
Import / Export Board Games » Jordan Draper Games, (0)Out of Stock   Out of Stock     Restock Alert,,,
In a Pickle Deluxe Edition Board Games » Gamewright, (0)Estimated Release Date: 2021 Q4Preorder Notes: Expected Release: Q4 2021. Date subject to change.,From: $13.49   New$13.49Preorder,,
In the Palm of Your Hand Board Games » Hachette Boardgames, (0)Preorder Notes: Expected Release: October 2021. Date subject to change.,From: $26.49   New$26.49Preorder,,
Inkling Board Games » Osprey Games, (0)From: $17.49 3 New$17.49Add to Cart,,,
Insider Black Board Games » Oink Games, (0)From: $16.49 11 New$16.49Add to Cart,,,
Ion: A Compound Building Game Board Games » Genius Games, (12)Out of Stock   Out of Stock     Restock Alert,,,
Jungle Speed: Eco Pack Board Games » Asmodee Editions, (0)Out of Stock   Out of Stock     Restock Alert,,,
Just One Board Games » Asmodee Editions, (112)From: $19.99 7 New$19.99Add to Cart,,,
Kim Joy's Magic Bakery Board Games » Skybound Games, (0)From: $14.99 5 New$14.99Add to Cart,,,
Knit Wit Board Games » Z-Man Games, (56)Out of Stock   Out of Stock     Restock Alert,,,
Last Message Board Games » IELLO, (1)From: $19.99 5 New$19.99Add to Cart,,,
Layers Board Games » Asmodee Editions, (2)Out of Stock   Out of Stock     Restock Alert,,,
Letter Jam Board Games » Czech Games Edition, (32)Out of Stock   Out of Stock     Restock Alert,,,
Linkage: A DNA Card Game Board Games » Genius Games, (10)Out of Stock   Out of Stock     Restock Alert,,,
Magic Maze Board Games » Sit Down!, (243)Estimated Release Date: 2021 Q4Preorder Notes: Expected Release: Q4 2021. Date subject to change.,From: $26.49   New$26.49Preorder,,
Magic Maze Kids Board Games » Sit Down!, (1)Estimated Release Date: 2021 Q4Preorder Notes: Expected Release: Q4 2021. Date subject to change.,From: $26.49   New$26.49Preorder,,
Martian Dice Board Games » Tasty Minstrel Games, (79)Out of Stock   Out of Stock     Restock Alert,,,
Master Word Board Games » IELLO, (2)From: $16.99 1 New$16.99Add to Cart,,,
Match 5 Board Games » Synapses Games, (2)From: $17.99 2 New$17.99Add to Cart,,,
Match Up! Food Board Games » Asmodee Editions, (0)Estimated Release Date: 2021Preorder Notes: Expected Release: 2021. Date subject to change.,From: $10.99   New$10.99Preorder,,
Match Up! Travel Board Games » Asmodee Editions, (0)Estimated Release Date: 2021Preorder Notes: Expected Release: 2021. Date subject to change.,From: $10.99   New$10.99Preorder,,
Medium Board Games » Greater Than Games, (29)Out of Stock   Out of Stock     Restock Alert,,,
Medium: Second Sight Board Games » Greater Than Games, (8)Out of Stock   Out of Stock     Restock Alert,,,
Megacity: Oceania Board Games » Asmodee Editions, (6)Out of Stock   Out of Stock     Restock Alert,,,
Million Dollars But... The Game Board Games » Cryptozoic Entertainment, (5)From: $17.99 1 New$17.99Add to Cart,,,
Millions of Dollars Board Games » Surfin Meeple, (5)Preorder Notes: Expected Release: To be announced. Date subject to change.,Out of Stock   Out of Stock     Restock Alert,,
Moneybags Board Games » Oink Games, (5)Out of Stock   Out of Stock     Restock Alert,,,
more dude Board Games » North Star Games, (1)Out of Stock   Out of Stock     Restock Alert,,,
Music IQ Board Games » Asmodee Editions, (0)From: $15.99 1 New$15.99Add to Cart,,,
Mysterium Board Games » Asmodee Editions, (821)Out of Stock   Out of Stock     Restock Alert,,,
Mysterium Park Board Games » Asmodee Editions, (10)Out of Stock   Out of Stock     Restock Alert,,,
Mysterium: Hidden Signs Expansion Board Games » Asmodee Editions, (190)Out of Stock   Out of Stock     Restock Alert,,,
Mysterium: Secrets & Lies Expansion Board Games » Asmodee Editions, (69)Out of Stock   Out of Stock     Restock Alert,,,
Mystery House Board Games » Asmodee Editions, (9)From: $33.99 1 New$33.99Add to Cart,,,
Mystery House: Back to Tombstone Expansion Board Games » Asmodee Editions, (1)From: $12.99 1 New$12.99Add to Cart,,,
New York Slice Board Games » Bezier Games, (160)Out of Stock   Out of Stock     Restock Alert,,,
Nidavellir Board Games » Hachette Boardgames, (9)Out of Stock   Out of Stock     Restock Alert,,,
Nidavellir: Thingvellir Board Games » Hachette Boardgames, (1)Out of Stock   Out of Stock     Restock Alert,,,
Obscurio Board Games » Asmodee Editions, (19)From: $42.49 2 New$42.49Add to Cart,,,
Once Upon A Time 3rd Edition: Fairytale Mash-ups Board Games » Atlas Games, (3)Out of Stock   Out of Stock     Restock Alert,,,
One Night Ultimate Alien Board Games » Bezier Games, (23)Out of Stock   Out of Stock     Restock Alert,,,
One Night Ultimate Bonus Roles Board Games » Bezier Games, (6)Out of Stock   Out of Stock     Restock Alert,,,
One Night Ultimate Super Heroes Board Games » Bezier Games, (0)From: $17.99 4 New$17.99Add to Cart,,,
One Night Ultimate Super Villains Board Games » Bezier Games, (4)Out of Stock   Out of Stock     Restock Alert,,,
One Week Ultimate Werewolf Board Games » Bezier Games, (6)Out of Stock   Out of Stock     Restock Alert,,,
Pairs: Leaf Deck Board Games » Cheapass Games, (3)Out of Stock   Out of Stock     Restock Alert,,,
Pairs: Professor Elemental Board Games » Cheapass Games, (9)From: $7.19 1 New$7.19Add to Cart,,,
Paleo Board Games » Asmodee Editions, (13)Out of Stock   Out of Stock     Restock Alert,,,
Pathfinder: Goblin Firework Fight Board Games » Paizo Publishing, (0)Estimated Release Date: December 15, 2021Preorder Notes: Expected Release: December 15, 2021. Date subject to change.,From: $22.49   New$22.49Preorder
Pictomania (Second Edition) Board Games » Czech Games Edition, (17)Out of Stock   Out of Stock     Restock Alert,,,
Pictopia: Harry Potter Edition   Board Games » Ravensburger, (0)Out of Stock   Out of Stock     Restock Alert,,,
Picture Show Board Games » Asmodee Editions, (0)Preorder Notes: Expected Release: October 2021. Date subject to change.,From: $31.99   New$31.99Preorder,,
Pictures Board Games » Rio Grande Games, (4)From: $31.49 3 New$31.49Add to Cart,,,
PitchCar Board Games » Ferti, (362)From: $69.99 1 New$69.99Add to Cart,,,
PitchCar Extension 1 Board Games » Ferti, (173)Out of Stock   Out of Stock     Restock Alert,,,
PitchCar Extension 2 Board Games » Ferti, (141)Out of Stock   Out of Stock     Restock Alert,,,
PitchCar Extension 4: Stunt Race Board Games » Ferti, (88)Out of Stock   Out of Stock     Restock Alert,,,
PitchCar Extension 5: The Cross Board Games » Ferti, (108)Out of Stock   Out of Stock     Restock Alert,,,
PitchCar Extension 6: No Limit Board Games » Ferti, (54)Out of Stock   Out of Stock     Restock Alert,,,
Praise Board Games » Jordan Draper Games, (0)Estimated Release Date: 2021Preorder Notes: Expected Release: 2021. Date subject to change.,From: $14.99   New$14.99Preorder,,
Prisma Arena Board Games » Asmodee Editions, (0)From: $31.99 8 New$31.99Add to Cart,,,
Rail Pass Board Games » Mercury Games, (7)Out of Stock   Out of Stock     Restock Alert,,,
Red Dragon Inn 2 Board Game Board Games » Slugfest Games, (134)From: $27.49 5 New$27.49Add to Cart,,,
Red Dragon Inn 4 Board Games » Slugfest Games, (79)From: $27.49 3 New$27.49Add to Cart,,,
Red Dragon Inn 5: The Character Trove Board Games » Slugfest Games, (56)From: $42.99 10 New$42.99Add to Cart,,,
Red Dragon Inn 6: Villains Board Games » Slugfest Games, (23)Out of Stock   Out of Stock     Restock Alert,,,
Red Dragon Inn 7: The Tavern Crew Board Games » Slugfest Games, (7)From: $28.99 3 New$28.99Add to Cart,,,
Red Dragon Inn 8: Pub Crawl Board Games » Slugfest Games, (0)Estimated Release Date: November 2021Preorder Notes: Expected Release: November 2021. Date subject to change.,From: $28.99   New$28.99Preorder,,
Red Dragon Inn Board Game Board Games » Slugfest Games, (173)From: $27.49 4 New$27.49Add to Cart,,,
Red Dragon Inn: Allies - Evil Pooky Board Games » Slugfest Games, (2)From: $17.99 4 New$17.99Add to Cart,,,
Red Dragon Inn: Allies - Ohava vs. Murgath Board Games » Slugfest Games, (6)Out of Stock   Out of Stock     Restock Alert,,,
Red Dragon Inn: Allies - Piper vs. Ripsnarl Board Games » Slugfest Games, (6)Out of Stock   Out of Stock     Restock Alert,,,
Red Dragon Inn: Allies: Adonis vs. The Lich King Board Games » Slugfest Games, (22)Out of Stock   Out of Stock     Restock Alert,,,
Red Dragon Inn: Allies: Brother Bastian Board Games » Slugfest Games, (55)From: $10.99 1 New$10.99Add to Cart,,,
Red Dragon Inn: Allies: Cormac the Mighty Board Games » Slugfest Games, (58)From: $10.99 2 New$10.99Add to Cart,,,
Red Dragon Inn: Allies: Halden the Unhinged Board Games » Slugfest Games, (31)Out of Stock   Out of Stock     Restock Alert,,,
Red Dragon Inn: Allies: Keet and Nitrel Board Games » Slugfest Games, (31)Out of Stock   Out of Stock     Restock Alert,,,
Red Dragon Inn: Allies: Ozrik the Adept Board Games » Slugfest Games, (47)From: $10.99 1 New$10.99Add to Cart,,,
Red Dragon Inn: Allies: Spyke and Flower Board Games » Slugfest Games, (10)Out of Stock   Out of Stock     Restock Alert,,,
Red Dragon Inn: Allies: Witchdoctor Natyli Board Games » Slugfest Games, (65)From: $10.99 1 New$10.99Add to Cart,,,
Red Dragon Inn: Allies: Wrench Board Games » Slugfest Games, (33)Out of Stock   Out of Stock     Restock Alert,,,
Red Dragon Inn: Allies: Zariah the Summoner Board Games » Slugfest Games, (39)Out of Stock   Out of Stock     Restock Alert,,,
Red Dragon Inn: Smorgasbox Board Games » Slugfest Games, (13)Out of Stock   Out of Stock     Restock Alert,,,
Rhino Hero Board Games » HABA, (227)From: $14.99 1 New$14.99Add to Cart,,,
Rhino Hero: Super Battle Board Games » HABA, (107)Out of Stock   Out of Stock     Restock Alert,,,
Robot Or Not? Board Games » Asmodee Editions, (0)Estimated Release Date: November 12, 2021Preorder Notes: Expected Release: November 12, 2021. Date subject to change.,From: $19.99   New$19.99Preorder
Robotech: Brace for Impact Board Games » Japanime Games, (2)Out of Stock   Out of Stock     Restock Alert,,,
Rorschach Board Games » Capstone Games, (1)From: $21.49 17 New$21.49Add to Cart,,,
Saboteur: The Lost Mines Board Games » Amigo Spiel, (10)Out of Stock   Out of Stock     Restock Alert,,,
Say Anything: 10th Anniversary Edition Board Games » North Star Games, (5)Out of Stock   Out of Stock     Restock Alert,,,
Say Whaaat?! Board Games » Drawlab Entertainment, (1)From: $16.99 13 New$16.99Add to Cart,,,
Secret Squad Board Games » Gamewright, (1)From: $8.79 7 New$8.79Add to Cart,,,
Shadows: Amsterdam Board Games » Asmodee Editions, (23)Out of Stock   Out of Stock     Restock Alert,,,
Sheriff of Nottingham Board Games » Arcane Wonders, (1413)Out of Stock   Out of Stock     Restock Alert,,,
Sheriff of Nottingham: 2nd Edition Board Games » CMON, (12)Out of Stock   Out of Stock     Restock Alert,,,
Sheriff of Nottingham: Merry Men Expansion Board Games » Arcane Wonders, (171)Out of Stock   Out of Stock     Restock Alert,,,
Sherlock 13 Board Games » Arcane Wonders, (3)From: $9.99 11 NewMSRP $17.99 Sale $9.99Add to Cart,,,
Shovel Knight Dungeon Duels: 2D Edition Board Games » Panda Cult Games, (0)Estimated Release Date: 2021 Q4Preorder Notes: Expected Release: Q4 2021. Date subject to change.,From: $37.49   New$37.49Preorder,,
Shovel Knight Dungeon Duels: 3D Edition Board Games » Panda Cult Games, (0)Estimated Release Date: 2021 Q4Preorder Notes: Expected Release: Q4 2021. Date subject to change.,From: $63.99   New$63.99Preorder,,
Shovel Knight Dungeon Duels: Bard Pack Board Games » Panda Cult Games, (0)Estimated Release Date: 2021 Q4Preorder Notes: Expected Release: Q4 2021. Date subject to change.,From: $8.99   New$8.99Preorder,,
Shovel Knight Dungeon Duels: Black Knight Pack Board Games » Panda Cult Games, (0)Estimated Release Date: 2021 Q4Preorder Notes: Expected Release: Q4 2021. Date subject to change.,From: $11.49   New$11.49Preorder,,
Shovel Knight Dungeon Duels: Mona Pack Board Games » Panda Cult Games, (0)Estimated Release Date: 2021 Q4Preorder Notes: Expected Release: Q4 2021. Date subject to change.,From: $8.99   New$8.99Preorder,,
Shovel Knight Dungeon Duels: Shield Knight Board Games » Panda Cult Games, (0)Estimated Release Date: 2021 Q4Preorder Notes: Expected Release: Q4 2021. Date subject to change.,From: $8.99   New$8.99Preorder,,
Shovel Knight Dungeon Duels: Wandering Travelers Board Games » Panda Cult Games, (0)Estimated Release Date: 2021 Q4Preorder Notes: Expected Release: Q4 2021. Date subject to change.,From: $8.99   New$8.99Preorder,,
Side Effects Board Games » God Hates Games, (5)Out of Stock   Out of Stock     Restock Alert,,,
Silver Board Games » Bezier Games, (16)Out of Stock   Out of Stock     Restock Alert,,,
Silver Bullet Board Games » Bezier Games, (10)From: $17.99 1 New$17.99Add to Cart,,,
Silver Coin Board Games » Bezier Games, (3)Out of Stock   Out of Stock     Restock Alert,,,
Slap It! Board Games » Renegade Game Studios, (7)Out of Stock   Out of Stock     Restock Alert,,,
So Clover! Board Games » Asmodee Editions, (0)From: $19.99 15 New$19.99Add to Cart,,,
Song Saga Board Games » Bacon Lazer  Games, (0)From: $17.99 3 New$17.99Add to Cart,,,
Space Dragons Board Games » Pegasus Spiele, (1)From: $10.99 16 New$10.99Add to Cart,,,
Speedy Words Board Games » FoxMind, (1)From: $8.69 1 New$8.69Add to Cart,,,
Spot It! Marvel Emojis Board Games » Asmodee Editions, (0)From: $12.99 11 New$12.99Add to Cart,,,
Spot It! Minions Board Games » Asmodee Editions, (0)Estimated Release Date: November 19, 2021Preorder Notes: Expected Release: November 19, 2021. Date subject to change.,From: $11.99   New$11.99Preorder
Spot It! World of Pixar Board Games » Asmodee Editions, (8)From: $11.99 10 New$11.99Add to Cart,,,
Spyfall Board Games » Cryptozoic Entertainment, (510)Out of Stock   Out of Stock     Restock Alert,,,
Spyfall 2 Board Games » Cryptozoic Entertainment, (121)Out of Stock   Out of Stock     Restock Alert,,,
Spyfall: Time Travel Board Games » Cryptozoic Entertainment, (9)Out of Stock   Out of Stock     Restock Alert,,,
Spyfest Board Games » Cryptozoic Entertainment, (1)From: $17.99 6 New$17.99Add to Cart,,,
Stay Cool Board Games » IELLO, (3)Out of Stock   Out of Stock     Restock Alert,,,
Stroop Board Games » Grand Gamers Guild, (3)Out of Stock   Out of Stock     Restock Alert,,,
Taco Cat Goat Cheese Pizza: On The Flip Side Board Games » Dolphin Hat Games, (0)Estimated Release Date: December 2021Preorder Notes: Expected Release: December 2021. Date subject to change.,From: $7.59   New$7.59Preorder,,
The Blockbuster Game Board Games » Big Potato Games, (0)Preorder Notes: Expected Release: October 2021. Date subject to change.,From: $16.49   New$16.49Preorder,,
The Chameleon Board Games » Big Potato Games, (0)Preorder Notes: Expected Release: October 2021. Date subject to change.,From: $14.99   New$14.99Preorder,,
The Joker: A Diabolical Party Game Board Games » Spin Master, (0)Preorder Notes: Expected Release: October 2021. Date subject to change.,From: $11.49   New$11.49Preorder,,
The Mind Board Games » Pandasaurus Games, (233)Out of Stock   Out of Stock     Restock Alert,,,
The Potion Board Games » FoxMind, (7)Out of Stock   Out of Stock     Restock Alert,,,
The Resistance 3rd Edition Board Games » Indie Boards and Cards, (176)Out of Stock   Out of Stock     Restock Alert,,,
The Resistance: Avalon Board Games » Indie Boards and Cards, (722)From: $14.49 1 New$14.49Add to Cart,,,
The Resistance: Hidden Agenda Expansion Board Games » Indie Boards and Cards, (178)From: $8.69 6 New$8.69Add to Cart,,,
The Resistance: Hostile Intent Expansion Board Games » Indie Boards and Cards, (157)Backorder Notes: TBD,Out of Stock   Out of Stock     Restock Alert,,
The Resistance: The Plot Thickens Expansion Board Games » Indie Boards and Cards, (27)Backorder Notes: TBD,Out of Stock   Out of Stock     Restock Alert,,
Tidal Blades: Angler's Cove Expansion Board Games » Skybound Games, (3)From: $17.99 4 New$17.99Add to Cart,,,
Tidal Blades: Heroes of the Reef Board Games » Skybound Games, (9)From: $43.49 17 New$43.49Add to Cart,,,
Time's Up Board Games » R and R Games, (4)Out of Stock   Out of Stock     Restock Alert,,,
Time's Up: Title Recall Board Game Board Games » R and R Games, (139)Out of Stock   Out of Stock     Restock Alert,,,
Timeline: Classic (Eco-Blister) Board Games » Asmodee Editions, (2)From: $7.99 2 New$7.99Add to Cart,,,
Timeline: Events (Eco-Blister) Board Games » Asmodee Editions, (2)From: $7.99 2 New$7.99Add to Cart,,,
Tinderblox Board Games » Alley Cat Games, (1)Out of Stock   Out of Stock     Restock Alert,,,
Tokyo Coin Laundry Board Games » Jordan Draper Games, (0)From: $28.99 1 New$28.99Add to Cart,,,
Trapwords Board Games » Czech Games Edition, (16)Out of Stock   Out of Stock     Restock Alert,,,
Trash Pandas Board Games » Gamewright, (26)Out of Stock   Out of Stock     Restock Alert,,,
Trial By Trolley Board Games » Skybound Games, (3)Out of Stock   Out of Stock     Restock Alert,,,
Trial By Trolley: R-Rated Modifier Expansion Board Games » Skybound Games, (1)From: $10.99 2 New$10.99Add to Cart,,,
Trial By Trolley: R-Rated Track Expansion Board Games » Skybound Games, (1)From: $10.99 1 New$10.99Add to Cart,,,
Trogdor!! The Board Game Board Games » Greater Than Games, (4)Out of Stock   Out of Stock     Restock Alert,,,
Uk'otoa Board Games » Darrington Press, (1)Out of Stock   Out of Stock     Restock Alert,,,
Ultimate Werewolf: Extreme Board Games » Bezier Games, (0)Estimated Release Date: November 17, 2021Preorder Notes: Expected Release: November 17, 2021. Date subject to change.,From: $18.99   New$18.99Preorder
Ultimate Werewolf: Pro Board Games » Bezier Games, (0)Estimated Release Date: November 17, 2021Preorder Notes: Expected Release: November 23, 2021. Date subject to change.,From: $11.49   New$11.49Preorder
Undo: Long Live the King Board Games » Pegasus Spiele, (0)Estimated Release Date: December 15, 2021Preorder Notes: Expected Release: December 15, 2021. Date subject to change.,From: $11.49   New$11.49Preorder
Undo: Peak of No Return Board Games » Pegasus Spiele, (0)Out of Stock   Out of Stock     Restock Alert,,,
Unicorn Fever Board Games » Horrible Games, (2)Out of Stock   Out of Stock     Restock Alert,,,
Unicorn Fever: Royal Hooves Expansion Board Games » Horrible Games, (0)Out of Stock   Out of Stock     Restock Alert,,,
Unstable Unicorns Board Games » Tee Turtle, (0)From: $19.99 12 New$19.99Add to Cart,,,
Unstable Unicorns: Adventures Expansion Board Games » Tee Turtle, (0)From: $10.99 3 New$10.99Add to Cart,,,
Valor & Villainy Minions of Mordak Board Games » Skybound Games, (3)From: $31.99 11 New$31.99Add to Cart,,,
Wavelength Board Games » Asmodee Editions, (12)Out of Stock   Out of Stock     Restock Alert,,,
Werewords Deluxe Board Games » Bezier Games, (33)Out of Stock   Out of Stock     Restock Alert,,,
White Elephant Board Games » Atheris Games, (0)Preorder Notes: Expected Release: October 2021. Date subject to change.,From: $14.99   New$14.99Preorder,,
Yaks Board Games » Company11, (1)From: $29.99 5 New$29.99Add to Cart,,,
Yaks (Ding & Dent) Board Games » Company11, (0)From: $24.99 10 New$24.99Add to Cart,,,
